family,comparison,n,delta,p_raw,p_holm,p_bonferroni,survives_holm_0.05,survives_bonferroni_0.05,m_family
realinho,multimodal>tabular F1 (RandomForest),10,0.0603,0.001953,0.025391,0.025391,True,True,13
realinho,multimodal>tabular F1 (XGBoost),10,0.06031,0.001953,0.025391,0.025391,True,True,13
realinho,multimodal>tabular F1 (MLP),10,0.06638,0.001953,0.025391,0.025391,True,True,13
realinho,uncertainty>random AL F1,10,0.03718,0.001953,0.025391,0.025391,True,True,13
realinho,RL vs uncertainty AL F1,10,-0.03382,0.001953,0.025391,0.025391,True,True,13
realinho,fair-MLP lambda=1 < lambda=0 DP,10,-0.12755,0.001953,0.025391,0.025391,True,True,13
realinho,diffusion < VAE std-mismatch (dsigma),10,-0.14528,0.001953,0.025391,0.025391,True,True,13
realinho,SMOTE vs VAE F1 (RandomForest),10,0.00912,0.013672,0.082031,0.177734,False,False,13
realinho,diffusion vs VAE F1 (RandomForest),10,-0.00383,0.105469,0.527344,1.0,False,False,13
realinho,diffusion vs VAE F1 (MLP),10,0.00503,0.232422,0.929688,1.0,False,False,13
realinho,SMOTE vs VAE F1 (MLP),10,0.00382,0.431641,1.0,1.0,False,False,13
realinho,diffusion vs VAE F1 (XGBoost),10,0.00076,0.789062,1.0,1.0,False,False,13
realinho,SMOTE vs VAE F1 (XGBoost),10,0.00054,0.845703,1.0,1.0,False,False,13
oulad,SMOTE vs baseline F1 (RandomForest),10,0.04144,0.001953,0.025391,0.025391,True,True,13
oulad,VAE vs baseline F1 (XGBoost),10,-0.17222,0.001953,0.025391,0.025391,True,True,13
oulad,SMOTE vs baseline F1 (XGBoost),10,-0.01592,0.001953,0.025391,0.025391,True,True,13
oulad,VAE vs baseline F1 (MLP),10,-0.05056,0.001953,0.025391,0.025391,True,True,13
oulad,VAE vs baseline F1 (RandomForest),10,0.011,0.003906,0.035156,0.050781,True,False,13
oulad,SMOTE vs baseline F1 (MLP),10,-0.01233,0.003906,0.035156,0.050781,True,False,13
oulad,RL vs uncertainty AL F1,10,0.03191,0.005859,0.041016,0.076172,True,False,13
oulad,uncertainty > random AL F1,10,-0.03033,0.009766,0.058594,0.126953,False,False,13
oulad,diffusion < VAE std-mismatch,10,-0.1243,0.013672,0.068359,0.177734,False,False,13
oulad,fair-MLP lambda=1 < lambda=0 DP,10,-0.00697,0.431641,1.0,1.0,False,False,13
oulad,diffusion vs VAE F1 (XGBoost),10,-0.00052,0.695312,1.0,1.0,False,False,13
oulad,diffusion vs VAE F1 (RandomForest),10,-0.00028,0.769531,1.0,1.0,False,False,13
oulad,diffusion vs VAE F1 (MLP),10,-0.00389,0.845703,1.0,1.0,False,False,13
