config,model,f1_mean,f1_std
baseline,RandomForest,0.35476953843066733,0.008479450627982707
baseline,XGBoost,0.4950353507999631,0.00651126307920855
baseline,MLP,0.47741630932803575,0.0070016034225907535
vae,RandomForest,0.3657705431277607,0.010993215353074763
vae,XGBoost,0.32281349694445327,0.009658589106870088
vae,MLP,0.4268596694103845,0.02502953330054113
diffusion,RandomForest,0.3654952657729687,0.01112469540568074
diffusion,XGBoost,0.3222942184148442,0.009850601062661354
diffusion,MLP,0.42296519412592126,0.02584576288096431
smote,RandomForest,0.3962074083567185,0.007127372645198701
smote,XGBoost,0.4791192368915572,0.007360238473250781
smote,MLP,0.4650900924752512,0.005670984645449933
