phase,method,accuracy_mean,accuracy_std,accuracy_min,accuracy_max,precision_mean,precision_std,precision_min,precision_max,recall_mean,recall_std,recall_min,recall_max,f1_mean,f1_std,f1_min,f1_max,auc_roc_mean,auc_roc_std,auc_roc_min,auc_roc_max,demographic_parity_diff_mean,demographic_parity_diff_std,demographic_parity_diff_min,demographic_parity_diff_max,equalized_odds_diff_mean,equalized_odds_diff_std,equalized_odds_diff_min,equalized_odds_diff_max
P2_baseline,MLP,0.85389,0.008421064857447261,0.8427,0.8698,0.7765,0.019001812779018985,0.7507,0.8058,0.76593,0.022483230788004353,0.7296,0.7944,0.7708600000000001,0.013249419274485636,0.757,0.7943,0.90054,0.011217169379522133,0.8877,0.917,,,,,,,,
P2_baseline,RandomForest,0.87206,0.008334026637826415,0.8617,0.8852,0.8707900000000001,0.02214213931248141,0.8301,0.9043,0.70676,0.01784564683924659,0.6704,0.7296,0.78002,0.014274826327022943,0.7625,0.8006,0.9192,0.012025897979869214,0.9005,0.9356,,,,,,,,
P2_baseline,XGBoost,0.8696300000000001,0.01071219969111025,0.8526,0.8879,0.8135199999999999,0.019433522011662676,0.7775,0.8489,0.77069,0.02078367147546362,0.7408,0.8056,0.7914,0.017251795397709893,0.7675,0.8192,0.9179,0.010491795736563765,0.9043,0.9322,,,,,,,,
P3_VAE_aug,MLP,0.8492799999999999,0.012391376930035756,0.8327,0.8698,0.7721600000000001,0.034532406679973975,0.7241,0.8323,0.75576,0.026846444002056477,0.7268,0.8056,0.7631,0.016344621949334504,0.7361,0.7889,0.89914,0.011256425325613417,0.8881,0.9193,,,,,,,,
P3_VAE_aug,RandomForest,0.8724399999999999,0.010385053362084057,0.8608,0.8897,0.84649,0.02411774127990522,0.8131,0.8896,0.73662,0.019121529459980142,0.7042,0.7634,0.78755,0.016898076813649552,0.7702,0.8135,0.9194599999999999,0.011788996753093292,0.9014,0.9379,,,,,,,,
P3_VAE_aug,XGBoost,0.8724399999999999,0.009951348317355417,0.8617,0.8879,0.83947,0.016540458814004434,0.8156,0.8644,0.74507,0.021892466994633354,0.7099,0.7718,0.7893399999999999,0.017478380296176724,0.7671,0.8155,0.92004,0.010959744522569871,0.9061,0.9386,,,,,,,,
P3b_SMOTE_aug,MLP,0.853254972875226,0.013666135890397535,0.8327305605786618,0.8743218806509946,0.7830124257267084,0.027970736730401315,0.728494623655914,0.8195266272189349,0.7523943661971831,0.02991314102670343,0.6985915492957746,0.7830985915492957,0.766921276726066,0.02140699619181448,0.7417974322396577,0.7994227994227994,0.9011080062264399,0.012967636180050245,0.8873014384576433,0.9206916599463626,,,,,,,,
P3b_SMOTE_aug,RandomForest,0.8738698010849909,0.00875837316860785,0.8598553345388789,0.8887884267631103,0.8263246496108595,0.02376292245738467,0.7923976608187134,0.8625,0.7695774647887323,0.01657483129661311,0.7352112676056338,0.7887323943661971,0.7966666421369455,0.012750085001040407,0.7776183644189383,0.8177777777777778,0.9202434312934866,0.01317578348207213,0.8978188706138295,0.9378556291142327,,,,,,,,
P3b_SMOTE_aug,XGBoost,0.8711573236889694,0.01329007990376693,0.8571428571428571,0.8969258589511754,0.8287427723304507,0.023116471434173794,0.797583081570997,0.8753894080996885,0.7546478873239437,0.023733775842917644,0.7211267605633803,0.7915492957746478,0.7898765723643786,0.021988955959673238,0.7687687687687688,0.8313609467455622,0.917641454586373,0.011229540955861836,0.9031188462331915,0.9332608165638305,,,,,,,,
P4_Diffusion_aug,MLP,0.84909,0.013544203352151948,0.8354,0.877,0.7590899999999999,0.029676269981249354,0.7311,0.8211,0.7780199999999999,0.018240784583515662,0.7465,0.8141,0.76813,0.01838647147587959,0.7444,0.8046,0.90297,0.010746891023299078,0.8827,0.9175,,,,,,,,
P4_Diffusion_aug,RandomForest,0.86943,0.011490483985551784,0.8535,0.8933,0.8375600000000001,0.026408929466291423,0.7988,0.8911,0.73662,0.015918040080361677,0.707,0.7606,0.78372,0.017889773615113187,0.7611,0.8207,0.91806,0.012915554790854126,0.8989,0.9366,,,,,,,,
P4_Diffusion_aug,XGBoost,0.8727,0.010081556317244753,0.8599,0.8924,0.83901,0.017253112440626155,0.8145,0.8688,0.74677,0.02108933643126572,0.7183,0.7831,0.7901,0.017352873601286355,0.7697,0.8237,0.91959,0.01036312372469487,0.9067,0.9378,,,,,,,,
P5_AL_random,LogReg,0.8394199999999999,0.017021019684822385,0.8146,0.8599,,,,,,,,,0.75793,0.024807169662552548,0.7233,0.7931,0.89589,0.016609665860576495,0.8698,0.926,,,,,,,,
P5_AL_uncertainty,LogReg,0.8690899999999999,0.01343663731080895,0.8391,0.8879,,,,,,,,,0.79511,0.018363880611436987,0.7588,0.8232,0.91639,0.01259042405075294,0.8963,0.9317,,,,,,,,
P6_AL_RL_greedy,LogReg,0.83589,0.019172749759315492,0.8074,0.8671,,,,,,,,,0.76129,0.02017200755722865,0.7343,0.795,0.8998799999999999,0.012348171254616333,0.8779,0.9203,,,,,,,,
P7_posthoc_baseline,MLP,0.85389,0.008421064857447261,0.8427,0.8698,0.7765,0.019001812779018985,0.7507,0.8058,0.76593,0.022483230788004353,0.7296,0.7944,0.7708600000000001,0.013249419274485636,0.757,0.7943,0.90054,0.011217169379522133,0.8877,0.917,0.21072000000000002,0.03490503943240543,0.1362,0.2527,0.09992999999999999,0.033138834218079144,0.0482,0.1641
P7_posthoc_baseline,RandomForest,0.87206,0.008334026637826415,0.8617,0.8852,0.8707900000000001,0.02214213931248141,0.8301,0.9043,0.70676,0.01784564683924659,0.6704,0.7296,0.78002,0.014274826327022943,0.7625,0.8006,0.9192,0.012025897979869214,0.9005,0.9356,0.19938,0.028668751862146586,0.1532,0.2439,0.09126,0.019625957867635973,0.0553,0.127
P7_posthoc_baseline,XGBoost,0.8696300000000001,0.01071219969111025,0.8526,0.8879,0.8135199999999999,0.019433522011662676,0.7775,0.8489,0.77069,0.02078367147546362,0.7408,0.8056,0.7914,0.017251795397709893,0.7675,0.8192,0.9179,0.010491795736563765,0.9043,0.9322,0.21638000000000002,0.03239608343954901,0.171,0.2794,0.10890999999999999,0.02062729852512065,0.0694,0.1348
P7_posthoc_diffusion_aug,MLP,0.84909,0.013544203352151948,0.8354,0.877,0.7590899999999999,0.029676269981249354,0.7311,0.8211,0.7780199999999999,0.018240784583515662,0.7465,0.8141,0.76813,0.01838647147587959,0.7444,0.8046,0.90297,0.010746891023299078,0.8827,0.9175,0.2165,0.03228594465432631,0.1456,0.2699,0.10925,0.03245935064730107,0.0565,0.1512
P7_posthoc_diffusion_aug,RandomForest,0.86943,0.011490483985551784,0.8535,0.8933,0.8375600000000001,0.026408929466291423,0.7988,0.8911,0.73662,0.015918040080361677,0.707,0.7606,0.78372,0.017889773615113187,0.7611,0.8207,0.91806,0.012915554790854126,0.8989,0.9366,0.21241,0.028753065537048008,0.173,0.2581,0.09853999999999999,0.020488273068595443,0.0653,0.1304
P7_posthoc_diffusion_aug,XGBoost,0.8727,0.010081556317244753,0.8599,0.8924,0.83901,0.017253112440626155,0.8145,0.8688,0.74677,0.02108933643126572,0.7183,0.7831,0.7901,0.017352873601286355,0.7697,0.8237,0.91959,0.01036312372469487,0.9067,0.9378,0.20663,0.0316398149313312,0.152,0.2577,0.09668,0.01729597255625328,0.0713,0.1224
P7_posthoc_vae_aug,MLP,0.8492799999999999,0.012391376930035756,0.8327,0.8698,0.7721600000000001,0.034532406679973975,0.7241,0.8323,0.75576,0.026846444002056477,0.7268,0.8056,0.7631,0.016344621949334504,0.7361,0.7889,0.89914,0.011256425325613417,0.8881,0.9193,0.21458,0.022987571521246964,0.1763,0.2459,0.10944000000000001,0.024255638519733926,0.0848,0.1637
P7_posthoc_vae_aug,RandomForest,0.8724399999999999,0.010385053362084057,0.8608,0.8897,0.84649,0.02411774127990522,0.8131,0.8896,0.73662,0.019121529459980142,0.7042,0.7634,0.78755,0.016898076813649552,0.7702,0.8135,0.9194599999999999,0.011788996753093292,0.9014,0.9379,0.20990999999999999,0.0248715567131077,0.1778,0.2465,0.09417,0.019399544668196034,0.0584,0.1263
P7_posthoc_vae_aug,XGBoost,0.8724399999999999,0.009951348317355417,0.8617,0.8879,0.83947,0.016540458814004434,0.8156,0.8644,0.74507,0.021892466994633354,0.7099,0.7718,0.7893399999999999,0.017478380296176724,0.7671,0.8155,0.92004,0.010959744522569871,0.9061,0.9386,0.20762,0.03242820445915011,0.1424,0.2578,0.09827,0.015072126591825058,0.0768,0.12
P8_inprocess_lambda=0.0,FairMLP,0.85389,0.008421064857447261,0.8427,0.8698,0.7765,0.019001812779018985,0.7507,0.8058,0.76593,0.022483230788004353,0.7296,0.7944,0.7708600000000001,0.013249419274485636,0.757,0.7943,0.90054,0.011217169379522133,0.8877,0.917,0.21072000000000002,0.03490503943240543,0.1362,0.2527,0.09992999999999999,0.033138834218079144,0.0482,0.1641
P8_inprocess_lambda=0.1,FairMLP,0.8508100000000001,0.007491395063671374,0.8418,0.8653,0.77291,0.014089748046008488,0.7493,0.791,0.7582899999999999,0.020807287719023387,0.7155,0.7887,0.76535,0.012753757616221722,0.746,0.7898,0.89856,0.009130559189398584,0.8866,0.9106,0.19737,0.030672754830449928,0.1397,0.2346,0.08852,0.030388769855545873,0.0427,0.1496
P8_inprocess_lambda=0.5,FairMLP,0.8522500000000001,0.007630530781013853,0.8391,0.8626,0.7787599999999999,0.01843892019012439,0.7486,0.8048,0.75464,0.014572592234892344,0.7352,0.7803,0.7663300000000001,0.010761252508679242,0.7457,0.7791,0.89286,0.009313574322818645,0.8803,0.9064,0.15411,0.03758198297648016,0.0903,0.2105,0.06566,0.03608533712681032,0.016,0.1266
P8_inprocess_lambda=1.0,FairMLP,0.8376300000000001,0.009780712312164855,0.8165,0.8499,0.7487999999999999,0.02426355291378411,0.7021,0.7791,0.74536,0.020059755177413745,0.7155,0.7775,0.74666,0.012563545147237159,0.7223,0.7655,0.8800399999999999,0.009130072410568381,0.8687,0.8926,0.08317,0.03938440328635465,0.0026,0.1279,0.08514000000000001,0.05900105837092153,0.0412,0.232
P8_inprocess_lambda=10.0,FairMLP,0.8473,0.020898006284491993,0.7993,0.8797,0.78054,0.057047917480736225,0.6572,0.8651,0.7388600000000001,0.037464448332904736,0.6845,0.7831,0.757,0.023761313095029057,0.7147,0.7982,0.8922599999999999,0.015855682472434494,0.864,0.9107,0.06176,0.03822911049042194,0.0024,0.1134,0.12836,0.03842786026367386,0.0916,0.2251
P8_inprocess_lambda=2.0,FairMLP,0.82821,0.012521310723012288,0.8065,0.8535,0.71905,0.02376211971464948,0.6707,0.7629,0.76449,0.020398063633590317,0.7268,0.7915,0.74079,0.01665595989428407,0.7214,0.7756,0.8796800000000001,0.010727824673353962,0.8647,0.9045,0.045739999999999996,0.02804627921450148,0.0008,0.0852,0.12945,0.057376190377387566,0.0697,0.2521
P8_inprocess_lambda=5.0,FairMLP,0.8443099999999999,0.013321532277565561,0.8201,0.859,0.76066,0.03669947622998937,0.7042,0.8095,0.75577,0.032091225869040556,0.7183,0.8085,0.75715,0.01676254091054748,0.73,0.7831,0.8954599999999999,0.009366986945888443,0.8859,0.9122,0.05147,0.03201617820206945,0.0182,0.1211,0.14331,0.0587693126649539,0.0501,0.2609
P9_multimodal_BERT,MLP,0.89476,0.0074130815304958055,0.8861,0.9078,0.83137,0.017260748664077247,0.8047,0.8524,0.8439399999999999,0.02608150472823394,0.8056,0.8789,0.8372400000000001,0.012364123727767979,0.8218,0.8583,0.9545299999999999,0.005105563414333213,0.9466,0.963,,,,,,,,
P9_multimodal_BERT,RandomForest,0.9017099999999999,0.009292344519370058,0.8879,0.9141,0.8775299999999999,0.014209703257516205,0.8547,0.8981,0.80648,0.024631317012652355,0.7775,0.8479,0.84032,0.01631814259582805,0.8171,0.8637,0.9558,0.0055341364878964275,0.9456,0.9638,,,,,,,,
P9_multimodal_BERT,XGBoost,0.9048,0.0054234060638434075,0.8942,0.9114,0.8518700000000001,0.015931663092373285,0.8234,0.8795,0.8521000000000001,0.021210427205085272,0.8225,0.8901,0.85171,0.008817967767890502,0.8382,0.8658,0.9606899999999999,0.004631162561027921,0.9539,0.9691,,,,,,,,
