phase,method,accuracy,precision,recall,f1,auc_roc,demographic_parity_diff,equal_opportunity_diff,equalized_odds_diff,fpr_diff,accuracy_diff,selection_rate_group0,selection_rate_group1,accuracy_group0,accuracy_group1,n_labels
P2_baseline,RandomForest,0.8653,0.8480,0.7070,0.7711,0.9043,,,,,,,,,,
P2_baseline,XGBoost,0.8526,0.7775,0.7577,0.7675,0.9092,,,,,,,,,,
P2_baseline,MLP,0.8427,0.7507,0.7634,0.7570,0.8909,,,,,,,,,,
P3_VAE_aug,RandomForest,0.8635,0.8208,0.7352,0.7756,0.9080,,,,,,,,,,
P3_VAE_aug,XGBoost,0.8617,0.8156,0.7352,0.7733,0.9127,,,,,,,,,,
P3_VAE_aug,MLP,0.8391,0.7465,0.7549,0.7507,0.8886,,,,,,,,,,
P4_Diffusion_aug,RandomForest,0.8626,0.8162,0.7380,0.7751,0.9059,,,,,,,,,,
P4_Diffusion_aug,XGBoost,0.8644,0.8154,0.7465,0.7794,0.9117,,,,,,,,,,
P4_Diffusion_aug,MLP,0.8354,0.7332,0.7662,0.7493,0.8924,,,,,,,,,,
P5_AL_uncertainty,LogReg,0.8391,,,0.7588,0.8963,,,,,,,,,,540.0000
P5_AL_random,LogReg,0.8255,,,0.7338,0.8795,,,,,,,,,,540.0000
P6_AL_RL_greedy,LogReg,0.8436,,,0.7560,0.8930,,,,,,,,,,540.0000
P7_posthoc_baseline,RandomForest,0.8653,0.8480,0.7070,0.7711,0.9043,0.1875,0.0462,0.0934,0.0934,0.0825,0.2008,0.3883,0.8947,0.8122,
P7_posthoc_baseline,XGBoost,0.8526,0.7775,0.7577,0.7675,0.9092,0.2237,0.0725,0.1348,0.1348,0.0825,0.2331,0.4569,0.8820,0.7995,
P7_posthoc_baseline,MLP,0.8427,0.7507,0.7634,0.7570,0.8909,0.1908,0.0729,0.0847,0.0847,0.0474,0.2584,0.4492,0.8596,0.8122,
P7_posthoc_vae_aug,RandomForest,0.8635,0.8208,0.7352,0.7756,0.9080,0.2000,0.0596,0.1025,0.1025,0.0757,0.2163,0.4162,0.8904,0.8147,
P7_posthoc_vae_aug,XGBoost,0.8617,0.8156,0.7352,0.7733,0.9127,0.2129,0.0708,0.1179,0.1179,0.0808,0.2135,0.4264,0.8904,0.8096,
P7_posthoc_vae_aug,MLP,0.8391,0.7465,0.7549,0.7507,0.8886,0.2054,0.0666,0.1147,0.1147,0.0693,0.2514,0.4569,0.8638,0.7944,
P7_posthoc_diffusion_aug,RandomForest,0.8626,0.8162,0.7380,0.7751,0.9059,0.1918,0.0428,0.0987,0.0987,0.0783,0.2219,0.4137,0.8904,0.8122,
P7_posthoc_diffusion_aug,XGBoost,0.8644,0.8154,0.7465,0.7794,0.9117,0.2098,0.0491,0.1224,0.1224,0.0890,0.2191,0.4289,0.8961,0.8071,
P7_posthoc_diffusion_aug,MLP,0.8354,0.7332,0.7662,0.7493,0.8924,0.2083,0.0675,0.1187,0.1187,0.0677,0.2612,0.4695,0.8596,0.7919,
P8_inprocess_lambda=0.0,FairMLP,0.8427,0.7507,0.7634,0.7570,0.8909,0.1908,0.0729,0.0847,0.0847,0.0474,0.2584,0.4492,0.8596,0.8122,
P8_inprocess_lambda=0.1,FairMLP,0.8472,0.7612,0.7634,0.7623,0.8907,0.1663,0.0391,0.0623,0.0623,0.0465,0.2626,0.4289,0.8638,0.8173,
P8_inprocess_lambda=0.5,FairMLP,0.8571,0.7976,0.7437,0.7697,0.8892,0.1620,0.0207,0.0645,0.0645,0.0620,0.2416,0.4036,0.8792,0.8173,
P8_inprocess_lambda=1.0,FairMLP,0.8463,0.7761,0.7324,0.7536,0.8741,0.1169,0.0478,0.0478,0.0365,0.0688,0.2612,0.3782,0.8708,0.8020,
P8_inprocess_lambda=2.0,FairMLP,0.8382,0.7366,0.7718,0.7538,0.8818,0.0768,0.0788,0.0788,0.0134,0.0364,0.3090,0.3858,0.8511,0.8147,
P8_inprocess_lambda=5.0,FairMLP,0.8201,0.7042,0.7577,0.7300,0.8906,0.0194,0.1080,0.1080,0.0801,0.0044,0.3385,0.3579,0.8216,0.8173,
P8_inprocess_lambda=10.0,FairMLP,0.8526,0.8243,0.6873,0.7496,0.8937,0.0692,0.0963,0.0963,0.0092,0.0707,0.2430,0.3122,0.8778,0.8071,
P9_multimodal_BERT,RandomForest,0.8915,0.8707,0.7775,0.8214,0.9514,,,,,,,,,,
P9_multimodal_BERT,XGBoost,0.9042,0.8487,0.8535,0.8511,0.9606,,,,,,,,,,
P9_multimodal_BERT,MLP,0.8960,0.8333,0.8451,0.8392,0.9564,,,,,,,,,,
